{
  "name": "N",
  "molecular_mass": 0.014007,
  "formation_enthalpy": 3.3621e7,
  "theta_v": 0.0,
  "theta_rot": 0.0,
  "theta_d": 0.0,
  "collision_diameter": 3.298e-10,
  "nasa_low": [
    2.5,
    0.0,
    0.0,
    0.0,
    0.0,
    56850.0,
    4.1939
  ],
  "nasa_high": [
    2.41594293,
    0.00017489065,
    -1.19015456e-07,
    3.02262449e-11,
    -2.03609942e-15,
    56133.775,
    4.64960986
  ],
  "temp_mid": 1000.0,
  "notes": "Atomic nitrogen. Formation enthalpy = 3.3621e7 J/kg corresponds to half the N2 bond dissociation energy. No vibrational or rotational modes (atom). NASA polynomial for monatomic species."
}
